6101,Sambas
6101010,Selakau
6101010001,Semelagi Besar
6101010002,Sungai Daun
6101010003,Sungai Rusa
6101010004,Pangkalan Bemban
6101010005,Sungai Nyirih
6101010006,Kuala
6101010007,Parit Baru
6101010008,Twi Mentibar
6101010009,Bentunai
6101010010,Parit Kongsi
6101010011,Gayung Bersambut
6101011,Selakau Timur
6101011001,Gelik
6101011002,Seranggam
6101011003,Selakau Tua
6101011004,Buduk Sempadang
6101020,Pemangkat
6101020011,Perapakan
6101020012,Jelutung
6101020013,Harapan
6101020014,Penjajap
6101020015,Pemangkat Kota
6101020016,Sebatuan
6101020017,Gugah Sejahtera
6101020018,Lonam
6101021,Semparuk
6101021001,Seburing
6101021002,Sepadu
6101021003,Sepinggan
6101021004,Semparuk
6101021005,Singaraya
6101022,Salatiga
6101022001,Parit Baru
6101022002,Salatiga
6101022003,Sungai Toman
6101022004,Serumpun
6101022005,Serunai
6101030,Tebas
6101030001,Seret Ayon
6101030002,Maribas
6101030003,Batu Makjage
6101030004,Bukit Segoler
6101030005,Serindang
6101030006,Matang Labung
6101030007,Mak Tangguk
6101030008,Segedong
6101030009,Pusaka
6101030010,Mensere
6101030011,Sungai Kelambu
6101030012,Serumpun Buluh
6101030013,Pangkalan Kongsi
6101030014,Dungun Perapakan
6101030015,Tebas Sungai
6101030016,Sejiram
6101030017,Seberkat
6101030018,Sempalai
6101030019,Bekut
6101030020,Mak Rampai
6101030021,Tebas Kuala
6101030022,Mekar Sekuntum
6101030023,Segarau Parit
6101031,Tekarang
6101031001,Matang Segarau
6101031002,Rambayan
6101031003,Sari Makmur
6101031004,Tekarang
6101031005,Sempadian
6101031006,Cepala
6101031007,Merubong
6101040,Sambas
6101040019,Sungai Rambah
6101040020,Gapura
6101040021,Kartiasa
6101040022,Saing Rambi
6101040023,Lumbang
6101040024,Durian
6101040025,Pasar Melayu
6101040026,Pendawan
6101040027,Tanjung Bugis
6101040028,Lubuk Dagang
6101040029,Dalam Kaum
6101040030,Tanjung Mekar
6101040031,Tumuk Manggis
6101040032,Jagur
6101040033,Lorong
6101040034,Sebayan
6101040035,Sumber Harapan
6101040040,Semangau
6101041,Subah
6101041001,Tebuah Elok
6101041002,Mensade
6101041003,Sungai Sapak
6101041004,Sempurna
6101041005,Bukit Mulya
6101041006,Sungai Deden
6101041007,Sabung
6101041008,Mukti Raharja
6101041009,Karaban Jaya
6101041010,Balai Gemuruh
6101041011,Madak
6101042,Sebawi
6101042001,Sebawi
6101042002,Sempelai Sebedang
6101042003,Sepuk Tanjung
6101042004,Sebangun
6101042005,Tempatan
6101042006,Tebing Batu
6101042007,Rantau Panjang
6101043,Sajad
6101043001,Jirak
6101043002,Tengguli
6101043003,Mekar Jaya
6101043004,Beringin
6101050,Jawai
6101050010,Dungun Laut
6101050011,Sentebang
6101050012,Sungai Nyirih
6101050013,Bakau
6101050014,Parit Setia
6101050015,Pelimpaan
6101050016,Sarang Burung Kuala
6101050017,Sarang Burung Usrat
6101050018,Sarang Burung Kolam
6101050019,Sungai Nilam
6101050020,Sarang Burung Danau
6101050021,Lambau
6101050022,Mutus Darussalam
6101051,Jawai Selatan
6101051001,Jawai Laut
6101051002,Jelu Air
6101051003,Sarilaba B
6101051004,Semperiuk B
6101051005,Sabaran
6101051006,Semperiuk A
6101051007,Sarilaba A
6101051008,Matang Terap
6101051009,Suah Api
6101060,Teluk Keramat
6101060001,Teluk Kaseh
6101060002,Sengawang
6101060003,Sungai Baru
6101060004,Berlimang
6101060005,Puringan
6101060006,Kubangga
6101060007,Tambatan
6101060008,Lela
6101060009,Sungai Kumpai
6101060010,Sekura
6101060011,Sepadu
6101060012,Tanjung Keracut
6101060013,Sebagu
6101060019,Kuala Pangkalan Keramat
6101060020,Mekar Sekuntum
6101060021,Teluk Kembang
6101060022,Sungai Serabek
6101060023,Pedada
6101060024,Tri Mandayan
6101060025,Sayang Sedayu
6101060026,Samustida
6101060027,Pipit Teja
6101060035,Mulia
6101060036,Matang Segantar
6101060037,Sabing
6101061,Galing
6101061001,Ratu Sepudak
6101061002,Sungai Palah
6101061003,Sagu
6101061004,Tempapan Kuala
6101061005,Galing
6101061006,Tempapan Hulu
6101061007,Tri Kembang
6101061008,Tri Gadu
6101061009,Sijang
6101061010,Teluk Pandan
6101062,Tangaran
6101062001,Semata
6101062002,Tangaran
6101062003,Merpati
6101062004,Simpang Empat
6101062005,Pancur
6101062006,Arung Parak
6101062007,Merabuan
6101062008,Arung Medang
6101070,Sejangkung
6101070001,Sepantai
6101070002,Semanga
6101070003,Perigi Limus
6101070004,Senujuh
6101070005,Sendoyan
6101070006,Perigi Landu
6101070007,Parit Raja
6101070008,Piantus
6101070009,Sekuduk
6101070010,Setalik
6101070011,Penakalan
6101070012,Sulung
6101080,Sajingan Besar
6101080001,Sebunga'
6101080002,Kaliau'
6101080003,Sanatab
6101080004,Santaban
6101080005,Sei Bening
6101090,Paloh
6101090001,Kalimantan
6101090002,Matang Danau
6101090003,Tanah Hitam
6101090004,Malek
6101090005,Nibung
6101090006,Sebubus
6101090007,Temajuk
6101090008,Mentibar
6102,Bengkayang
6102010,Sungai Raya
6102010001,Sungai Duri
6102010002,Sungai Jaga A
6102010003,Sungai Jaga B
6102010006,Sungai Pangkalan I
6102010007,Sungai Pangkalan Ii
6102011,Capkala
6102011001,Capkala
6102011002,Sebandut
6102011003,Aris
6102011004,Mandor
6102011005,Setanduk
6102011006,Pawangi
6102012,Sungai Raya Kepulauan
6102012001,Rukmajaya
6102012002,Sungai Keran
6102012003,Sungai Raya
6102012004,Karimunting
6102012005,Pulau Lemukutan
6102030,Samalantan
6102030004,Sabau
6102030005,Tumiang
6102030006,Pastijaya
6102030007,Babane
6102030008,Bukit Serayan
6102030009,Marunsu
6102030010,Samalantan
6102031,Monterado
6102031001,Goa Boma
6102031002,Monterado
6102031003,Serindu
6102031004,Beringin Baru
6102031005,Gerantung
6102031007,Jahandung
6102031008,Siaga
6102031009,Nek Ginap
6102031011,Sendoreng
6102031012,Rantau
6102031013,Mekar Baru
6102032,Lembah Bawang
6102032001,Godang Damar
6102032002,Kinande
6102032003,Tempapan
6102032004,Papan Uduk
6102032005,Papan Tembawang
6102032006,Lembah Bawang
6102032007,Sakataru
6102032008,Janyat
6102040,Bengkayang
6102040008,Bhakti Mulya
6102040009,Tirta Kencana
6102040014,Bumi Emas
6102040015,Bani Amas
6102040017,Setia Budi
6102040018,Sebalo
6102041,Teriak
6102041001,Bangun Sari
6102041002,Setia Jaya
6102041004,Sumber Karya
6102041007,Dharma Bhakti
6102041008,Benteng
6102041009,Sebente
6102041010,Lulang
6102041011,Teriak
6102041012,Temiasio
6102041013,Bana
6102041014,Tubajur
6102041015,Ampar Benteng
6102041016,Tanjung
6102041017,Telidik
6102041018,Sekaruh
6102041019,Puteng
6102041020,Sebetung Menyala
6102041021,Malo Jelayan
6102042,Sungai Betung
6102042001,Karya Bhakti
6102042002,Suka Maju
6102042003,Suka Bangun
6102042004,Cipta Karya
6102050,Ledo
6102050006,Serangkat
6102050008,Lesabela
6102050009,Rodaya
6102050010,Seles
6102050011,Sidai
6102050016,Lomba Karya
6102050017,Dayung
6102050018,Jesape
6102050019,Suka Jaya
6102050020,Semangat
6102050021,Tebuah Marong
6102050022,Suka Damai
6102051,Suti Semarang
6102051001,Nangka
6102051002,Muhi Bersatu
6102051003,Cempaka Putih
6102051004,Suka Maju
6102051005,Kiung
6102051006,Suti Semarang
6102051007,Tapen
6102051008,Kelayu
6102052,Lumar
6102052001,Seren Selimbau
6102052002,Tiga Berkat
6102052003,Magmagan Karya
6102052004,Belimbing
6102052005,Lamolda
6102060,Sanggau Ledo
6102060005,Bange
6102060006,Lembang
6102060007,Sango
6102060008,Gua
6102060009,Danti
6102061,Tujuhbelas
6102061001,Bengkilu
6102061002,Pisak
6102061003,Kamuh
6102061004,Sinar Tebudak
6102070,Seluas
6102070001,Sahan
6102070002,Bengkawan
6102070003,Seluas
6102070004,Sentangau Jaya
6102070005,Mayak
6102070006,Kalon
6102080,Jagoi Babang
6102080004,Jagoi
6102080005,Kumba
6102080007,Sinar Baru
6102080008,Gersik
6102080009,Semunying Jaya
6102080010,Jagoi Sekida
6102081,Siding
6102081001,Tamong
6102081002,Tawang
6102081003,Sungkung I
6102081004,Sungkung Ii
6102081005,Sungkung Iii
6102081006,Siding
6102081007,Tangguh
6102081008,Hlibuie
6103,Landak
6103020,Sebangki
6103020001,Rantau Panjang
6103020002,Sungai Segak
6103020003,Sebangki
6103020004,Kumpang Tengah
6103020007,Agak
6103030,Ngabang
6103030001,Pak Mayam
6103030007,Sebirang
6103030008,Amboyo Selatan
6103030009,Temiang Sawi
6103030014,Tebedak
6103030015,Hilir Tengah
6103030016,Hilir Kantor
6103030017,Amboyo Inti
6103030018,Amboyo Utara
6103030019,Raja
6103030020,Mungguk
6103030025,Engkadu
6103030026,Ambarang
6103030027,Rasan
6103030028,Sungai Keli
6103030029,Penyaho Dangku
6103030030,Antan Rayan
6103030031,Amang
6103030032,Muun
6103031,Jelimpo
6103031001,Dara Itam I
6103031002,Balai Peluntan
6103031003,Angan Tembawang
6103031004,Kayu Ara
6103031005,Pawis Hilir
6103031006,Tubang Raeng
6103031007,Jelimpo
6103031008,Mandor Kiru
6103031009,Nyiin
6103031010,Papung
6103031011,Sekais
6103031012,Temahar
6103031013,Kersik Belantian
6103040,Sengah Temila
6103040001,Tonang
6103040002,Andeng
6103040003,Gombang
6103040004,Pahauman
6103040005,Sidas
6103040006,Keranji Mancal
6103040007,Banying
6103040008,Rabak
6103040009,Sebatih
6103040010,Saham
6103040011,Aur Sampuk
6103040012,Senakin
6103040013,Paloan
6103040014,Keranji Paidang
6103050,Mandor
6103050001,Ngarak
6103050002,Kayu Tanam
6103050003,Salatiga
6103050004,Simpang Kasturi
6103050005,Mandor
6103050006,Pongok
6103050007,Kayu Ara
6103050008,Selutung
6103050009,Kerohok
6103050010,Bebatung
6103050011,Sum Sum
6103050012,Manggang
6103050013,Sekilap
6103050014,Keramas
6103050015,Sebadu
6103050016,Semenok
6103050017,Mengkunyit
6103060,Menjalin
6103060001,Lamoanak
6103060002,Bengkawe
6103060003,Menjalin
6103060004,Sepahat
6103060005,Rabak
6103060006,Nangka
6103060007,Rees
6103060008,Tempoak
6103070,Mempawah Hulu
6103070007,Sampuro
6103070009,Sungai Laki
6103070010,Karangan
6103070011,Garu
6103070012,Babatn
6103070013,Pahokng
6103070014,Mentonyek
6103070015,Sailo
6103070016,Salaas
6103070017,Tiang Tanjung
6103070018,Tunang
6103070019,Bilayuk
6103070020,Sabaka
6103070021,Ansolok
6103070022,Caokng
6103070023,Parigi
6103070024,Salumang
6103071,Sompak
6103071001,Pakumbang
6103071002,Tapakng
6103071003,Amawakng
6103071004,Galar
6103071005,Sompak
6103071006,Lingkonong
6103071007,Pauh
6103080,Menyuke
6103080001,Ladangan
6103080002,Ongkol Padang
6103080003,Ta As
6103080004,Mamek
6103080005,Anik Dingir
6103080006,Sungai Lubang
6103080007,Tolok
6103080008,Bagak
6103080009,Darit
6103080010,Kayuara
6103080011,Ansang
6103080012,Angkaras
6103080017,Songga
6103080018,Lintah Betung
6103080019,Sidan
6103080020,Berinang Mayun
6103081,Banyuke Hulu
6103081001,Gamang
6103081002,Ringo Lojok
6103081003,Tembawang Bale
6103081004,Padang Pio
6103081005,Kampet
6103081006,Semade
6103081007,Untang
6103090,Meranti
6103090001,Kelampai Setolo
6103090002,Meranti
6103090003,Ampadi
6103090004,Selange
6103090005,Moro Betung
6103090006,Tahu
6103100,Kuala Behe
6103100001,Sehe Lusur
6103100002,Kedama
6103100003,Tanjung Balai
6103100004,Kuala Behe
6103100005,Paku Raya
6103100006,Nyayum
6103100007,Semedang
6103100009,Permiit
6103100010,Angkanyar
6103100011,Bengawan Ampar
6103100012,Sejowet
6103110,Air Besar
6103110001,Parek
6103110002,Tenguwe
6103110003,Engkadik Pade
6103110004,Semuntik
6103110005,Sekendal
6103110006,Sepangah
6103110007,Serimbu
6103110008,Jambu Tembawang
6103110009,Dange Aji
6103110010,Bentiang Madomong
6103110011,Tengon
6103110012,Sempatung Lawek
6103110013,Engkangin
6103110014,Merayuh
6103110015,Nyari
6103110016,Temoyok
6104,Mempawah
6104080,Jongkat
6104080001,Sungai Nipah
6104080002,Jungkat
6104080003,Wajok Hilir
6104080004,Wajok Hulu
6104080006,Peniti Luar
6104081,Segedong
6104081001,Peniti Dalam I
6104081002,Sungai Burung
6104081003,Sungai Purun Besar
6104081004,Parit Bugis
6104081005,Peniti Besar
6104081006,Peniti Dalam Ii
6104090,Sungai Pinyuh
6104090001,Sungai Purun Kecil
6104090003,Peniraman
6104090004,Nusapati
6104090005,Galang
6104090008,Sungai Rasau
6104090009,Sungai Pinyuh
6104090010,Sungai Batang
6104090011,Sungai Bakau Besar Laut
6104090012,Sungai Bakau Besar Darat
6104091,Anjongan
6104091002,Anjungan Melancar
6104091003,Anjungan Dalam
6104091004,Pak Bulu
6104091005,Dema
6104091006,Kepayang
6104100,Mempawah Hilir
6104100001,Tanjung
6104100002,Kuala Secapah
6104100007,Tengah
6104100008,Terusan
6104100012,Pasir
6104100013,Penibung
6104100014,Sengkubang
6104100015,Malikian
6104101,Mempawah Timur
6104101001,Pasir Wan Salim
6104101002,Sungai Bakau Kecil
6104101003,Pasir Panjang
6104101004,Pasir Palembang
6104101005,Pulau Pedalaman
6104101006,Antibar
6104101007,Sejegi
6104101008,Parit Banjar
6104110,Sungai Kunyit
6104110001,Semudun
6104110002,Semparong Parit Raden
6104110003,Mendalok
6104110004,Sungai Dungun
6104110005,Sungai Limau
6104110006,Sungai Kunyit Laut
6104110007,Sungai Kunyit Dalam
6104110008,Sungai Kunyit Hulu
6104110009,Bukit Batu
6104110010,Sungai Bundung Laut
6104110011,Sungai Duri I
6104110012,Sungai Duri Ii
6104120,Toho
6104120002,Sambora
6104120003,Benuang
6104120004,Pak Utan
6104120005,Sepang
6104120006,Pak Laheng
6104120007,Terap
6104120008,Kecurit
6104120009,Toho Ilir
6104121,Sadaniang
6104121001,Pentek
6104121002,Sekabuk
6104121003,Bumbun
6104121004,Amawang
6104121005,Ansiap
6104121006,Suak Barangan
6105,Sanggau
6105010,Toba
6105010001,Bagan Asam
6105010002,Teraju
6105010003,Kampung Baru
6105010004,Lumut
6105010005,Sansat
6105010006,Balai Belungai
6105010007,Belungai Dalam
6105020,Meliau
6105020001,Baru Lombak
6105020002,Kunyil
6105020003,Pampang Dua
6105020004,Harapan Makmur
6105020005,Sungai Kembayau
6105020006,Kuala Rosan
6105020007,Kuala Buayan
6105020008,Bhakti Jaya
6105020009,Cupang
6105020010,Mukti Jaya
6105020011,Lalang
6105020012,Enggadai
6105020013,Meranggau
6105020014,Balai Tinggi
6105020015,Meliau Hilir
6105020016,Meliau Hulu
6105020017,Sungai Mayam
6105020018,Melobok
6105020019,Melawi Makmur
6105060,Kapuas
6105060001,Penyalimau Jaya
6105060002,Penyalimau
6105060003,Rambin
6105060004,Nanga Biang
6105060005,Lintang Pelaman
6105060006,Sei Alai
6105060007,Semerangkai
6105060008,Sungai Batu
6105060009,Sungai Muntik
6105060010,Lintang Kapuas
6105060011,Belangin
6105060012,Penyeladi
6105060013,Tanjung Kapuas
6105060014,Tanjung Sekayam
6105060015,Ilir Kota
6105060016,Beringin
6105060017,Bunut
6105060018,Lape
6105060019,Sungai Mawang
6105060020,Sungai Sengkuang
6105060021,Pana
6105060022,Mengkiang
6105060023,Entakai
6105060024,Kambong
6105060025,Tapang Dulang
6105060026,Botuh Lintang
6105070,Mukok
6105070001,Inggis
6105070002,Semanggis Raya
6105070003,Semuntai
6105070004,Kedukul
6105070005,Engkode
6105070006,Sungai Mawang
6105070007,Tri Mulya
6105070008,Layak Omang
6105070009,Serambai Jaya
6105120,Jangkang
6105120001,Terati
6105120002,Selampung
6105120003,Sape
6105120004,Semirau
6105120005,Balai Sebut
6105120006,Semombat
6105120007,Empiyang
6105120008,Jangkang Benua
6105120009,Tanggung
6105120010,Pisang
6105120011,Ketori
6105130,Bonti
6105130001,Upe
6105130002,Bahta
6105130003,Tunggul Boyok
6105130004,Sami
6105130005,Empodis
6105130006,Bonti
6105130007,Kampuh
6105130008,Bantai
6105130009,Majel
6105140,Parindu
6105140001,Marita
6105140002,Embala
6105140003,Pandu Raya
6105140004,Maju Karya
6105140005,Gunam
6105140006,Suka Gerundi
6105140007,Suka Mulya
6105140008,Palem Jaya
6105140009,Pusat Damai
6105140010,Sebara
6105140011,Hibun
6105140012,Rahayu
6105140013,Maringin Jaya
6105140014,Dosan
6105150,Tayan Hilir
6105150001,Lalang
6105150002,Kawat
6105150003,Pulau Tayan Utara
6105150004,Pedalaman
6105150005,Tanjung Bunut
6105150006,Sebemban
6105150007,Beginjan
6105150008,Sungai Jaman
6105150009,Emberas
6105150010,Melugai
6105150011,Cempedak
6105150012,Sejotang
6105150013,Subah
6105150014,Tebang Benua
6105150015,Balai Ingin
6105160,Balai
6105160001,Semoncol
6105160002,Mak Kawing
6105160003,Cowet
6105160004,Bulu Bala
6105160005,Temiang Taba
6105160006,Senyabang
6105160007,Kebadu
6105160008,Hilir
6105160009,Temiang Mali
6105160010,Tae
6105160011,Padi Kaye
6105160012,Empirang Ujung
6105170,Tayan Hulu
6105170001,Menyabo
6105170002,Binjai
6105170003,Pandan Sembuat
6105170004,Kedakas
6105170005,Sosok
6105170006,Peruan Dalam
6105170007,Mandong
6105170008,Janjang
6105170009,Riyai
6105170010,Berakak
6105170011,Engkasan
6105180,Kembayan
6105180001,Sebuduh
6105180002,Kelompu
6105180003,Tanap
6105180004,Mobui
6105180005,Sejuah
6105180006,Tanjung Merpati
6105180007,Sebongkuh
6105180008,Kuala Dua
6105180009,Tunggal Bhakti
6105180010,Semayang
6105180011,Tanjung Bunga
6105190,Beduai
6105190001,Sei Ilai
6105190002,Bereng Berkawat
6105190003,Kasro Mego
6105190004,Thang Raya
6105190005,Mawang Muda
6105200,Noyan
6105200001,Empoto
6105200002,Idas
6105200003,Sungai Dangin
6105200004,Semongan
6105200005,Noyan
6105210,Sekayam
6105210001,Sotok
6105210002,Pengadang
6105210003,Kenaman
6105210004,Raut Muara
6105210005,Engkahan
6105210006,Balai Karangan
6105210007,Bungkang
6105210008,Lubuk Sabuk
6105210009,Malenggang
6105210010,Sei Tekam
6105220,Entikong
6105220001,Nekan
6105220002,Semanget
6105220003,Entikong
6105220004,Pala Pasang
6105220005,Suruh Tembawang
6106,Ketapang
6106010,Kendawangan
6106010001,Air Hitam Besar
6106010002,Kendawangan Kanan
6106010003,Bangkal Serai
6106010004,Banjar Sari
6106010005,Kendawangan Kiri
6106010006,Pangkalan Batu
6106010007,Suka Harapan
6106010008,Suka Damai
6106010009,Selimatan Jaya
6106010010,Danau Buntar
6106010011,Mekar Utama
6106010012,Pembedilan
6106010013,Air Hitam Hulu
6106010014,Natai Kuini
6106010015,Keramat Jaya
6106010016,Seriam
6106010017,Kedondong
6106010018,Sungai Jelayan
6106010019,Air Tarap
6106020,Manis Mata
6106020001,Suka Ramai
6106020002,Manis Mata
6106020003,Suak Burung
6106020004,Air Dekakah
6106020005,Silat
6106020006,Terusan
6106020007,Kemuning
6106020008,Kelampai
6106020009,Bukit Gajah
6106020010,Lembah Mukti
6106020011,Asam Besar
6106020012,Batu Sedau
6106020013,Jambi
6106020014,Seguling
6106020015,Kalimantan
6106020016,Pelempangan
6106020017,Sengkuang Merabong
6106020018,Pakit Selaba
6106020019,Sungai Buluh
6106020020,Mekar Jaya
6106020021,Ratu Elok
6106020022,Tribun Jaya
6106030,Marau
6106030009,Karya Baru
6106030016,Runjai Jaya
6106030017,Suka Karya
6106030018,Belaban
6106030019,Randai
6106030020,Riam Batu Gading
6106030021,Batu Payung Dua
6106030022,Bantan Sari
6106030023,Pelanjau Jaya
6106030024,Rangkung
6106031,Singkup
6106031001,Sukasari
6106031002,Sukaraja
6106031003,Bukit Kelambing
6106031004,Muntai
6106031005,Sukaharja
6106031006,Sukamulya
6106031007,Tanah Hitam
6106031008,Pantai Ketikal
6106032,Air Upas
6106032001,Membuluh Baru
6106032002,Gahang
6106032003,Air Upas
6106032004,Air Durian Jaya
6106032005,Sari Bekayas
6106032006,Banda Sari
6106032007,Sukaria
6106032008,Harapan Baru
6106032009,Mekar Jaya
6106040,Jelai Hulu
6106040001,Biku Sarana
6106040002,Penyarang
6106040003,Periangan
6106040004,Tanggerang
6106040005,Kesuma Jaya
6106040006,Semantun
6106040007,Riam Danau Kanan
6106040008,Limpang
6106040009,Pasir Mayang
6106040010,Tebing Berseri
6106040011,Rangga Intan
6106040012,Deranuk
6106040013,Pangkalan Suka
6106040014,Teluk Runjai
6106040015,Asam Jelai
6106040016,Air Dua
6106040017,Sidahari
6106040018,Karang Dangin
6106040019,Kusik Batu Lapu
6106040020,Perigi
6106040021,Bayam Raya
6106040022,Pangkalan Paket
6106050,Tumbang Titi
6106050001,Nanga Kelampai
6106050002,Pemuatan Jaya
6106050003,Kalimas Baru
6106050004,Belaban Tujuh
6106050005,Mahawa
6106050006,Serengkah
6106050007,Natai Panjang
6106050008,Tumbang Titi
6106050009,Batu Tajam
6106050010,Sengkaharak
6106050022,Segar Wangi
6106050023,Petebang Jaya
6106050024,Aur Gading
6106050025,Beringin Rayo
6106050026,Titi Baru
6106050027,Tanjung Beulang
6106050028,Batu Beransah
6106050029,Serengkah Kanan
6106050030,Sepauhan Jaya
6106050031,Jungkal
6106050032,Jelayan
6106050033,Suka Damai
6106050034,Tanjung Maloi
6106050035,Pengatapan Raya
6106050036,Sepuring Indah
6106051,Pemahan
6106051001,Lalang Panjang
6106051002,Pebihingan
6106051003,Semayok Baru
6106051004,Muara Gerunggang
6106051005,Usaha Baru
6106051006,Kerta Baru
6106051007,Muara Semayok
6106052,Sungai Melayu Rayak
6106052001,Kepuluk
6106052002,Suka Mulya
6106052003,Sungai Melayu Baru
6106052004,Beringin Jaya
6106052005,Piansak
6106052006,Jairan Jaya
6106052007,Karya Mukti
6106052008,Sungai Melayu Jaya
6106052009,Sei Melayu
6106052010,Mekar Jaya
6106052011,Makmur Abadi
6106060,Matan Hilir Selatan
6106060001,Sungai Nanjung
6106060002,Pesaguan Kanan
6106060003,Pesaguan Kiri
6106060004,Sungai Bakau
6106060005,Pematang Gadung
6106060006,Sungai Besar
6106060007,Sungai Pelang
6106060008,Sungai Jawi
6106060009,Kemuning Biutak
6106060010,Harapan Baru
6106060011,Pagar Mentimun
6106061,Benua Kayong
6106061001,Padang
6106061002,Tuan Tuan
6106061003,Negeri Baru
6106061004,Mulia Kerta
6106061005,Sungai Kinjil
6106061006,Kauman
6106061007,Baru
6106061008,Suka Baru
6106061009,Banjar
6106061010,Mekar Sari
6106061011,Kinjil Pesisir
6106070,Matan Hilir Utara
6106070012,Sungai Putri
6106070014,Tanjung Baik Budi
6106070015,Kuala Tolak
6106070016,Kuala Satong
6106070017,Laman Satong
6106071,Delta Pawan
6106071001,Kantor
6106071002,Mulia Baru
6106071003,Tengah
6106071004,Sampit
6106071005,Sukaharja
6106071006,Kali Nilam
6106071007,Sukabangun
6106071008,Paya Kumang
6106071009,Sukabangun Dalam
6106072,Muara Pawan
6106072001,Sungai Awan Kanan
6106072002,Sungai Awan Kiri
6106072003,Tempurukan
6106072004,Tanjung Pura
6106072005,Ulak Medang
6106072006,Mayak
6106072007,Tanjung Pasar
6106072008,Suka Maju
6106090,Nanga Tayap
6106090001,Sungai Kelik
6106090002,Lembah Hijau Ii
6106090003,Lembah Hijau I
6106090004,Nanga Tayap
6106090005,Siantau Raya
6106090006,Batumas
6106090007,Betenung
6106090008,Pangkalan Suka
6106090009,Pangkalan Telok
6106090010,Sebadak Raya
6106090011,Simpang Tiga Sembelangaan
6106090012,Mensubang
6106090013,Tajok Kayong
6106090014,Kayong Utara
6106090015,Kayong Hulu
6106090016,Sepakat Jaya
6106090017,Cegolak
6106090018,Pateh Benteng
6106090019,Tanjung Medan
6106090020,Kayung Tuhe
6106100,Sandai
6106100001,Penjawaan
6106100002,Sandai
6106100003,Muara Jekak
6106100004,Petai Patah
6106100005,Randau Jungkal
6106100009,Randau
6106100011,Sandai Kiri
6106100012,Demit
6106100013,Jago Bersatu
6106100014,Pendamar Indah
6106100015,Merimbang Jaya
6106100016,Alam Pakuan
6106100017,Istana
6106101,Hulu Sungai
6106101001,Menyumbung
6106101002,Senduruhan
6106101003,Cinta Manis
6106101004,Beginci Darat
6106101005,Benua Krio
6106101006,Riam Dadap
6106101007,Sekukun
6106101008,Batu Lapis
6106101009,Krio Hulu
6106101010,Kenyabur
6106101011,Sunge Bengaras
6106101012,Lubuk Kakap
6106110,Sungai Laur
6106110001,Sempurna
6106110002,Riam Bunut
6106110003,Bengaras
6106110004,Sukaramai
6106110005,Sepotong
6106110006,Tanjung Beringin
6106110007,Bayunsari
6106110008,Harapan Baru
6106110009,Randau Limat
6106110010,Tanjung Maju
6106110011,Sungai Daka
6106110012,Mekar Harapan
6106110013,Sinar Kuri
6106110014,Teluk Bayur
6106110015,Selangkut Raya
6106110016,Lanjut Mekar Sari
6106110017,Kepari
6106110018,Teluk Mutiara
6106110019,Merabu Jaya
6106120,Simpang Hulu
6106120004,Kualan Hilir
6106120005,Sekucing Labai
6106120006,Balai Pinang
6106120007,Semandang Kiri
6106120008,Semandang Hulu
6106120009,Merawa
6106120010,Kualan Tengah
6106120011,Kualan Hulu
6106120012,Paoh Concong
6106120013,Legong
6106120014,Kenanga
6106120015,Sekucing Kualan
6106120016,Balai Pinang Hulu
6106120017,Labai Hilir
6106120018,Botuh Bosi
6106121,Simpang Dua
6106121001,Mekar Raya
6106121002,Gema
6106121003,Semandang Kanan
6106121004,Kampar Sebomban
6106121005,Batu Daya
6106121006,Kamora
6107,Sintang
6107060,Serawai
6107060001,Baras Nabun
6107060002,Jelundung
6107060003,Nanga Riyoi
6107060004,Buntut Ponte
6107060005,Nanga Segulang
6107060006,Nanga Mentatai
6107060007,Nanga Serawai
6107060008,Bedaha
6107060009,Begori
6107060010,Pagar Lebata
6107060011,Tontang
6107060012,Karya Jaya
6107060013,Tanjung Raya
6107060014,Tahai Permai
6107060015,Merako Jaya
6107060016,Sawang Senghiang
6107060017,Tunas Harapan
6107060018,Teluk Harapan
6107060019,Gurung Senghiang
6107060020,Tanjung Harapan
6107060021,Rantau Malam
6107060022,Mentajoi
6107060023,Nanga Bihe
6107060024,Nanga Tekungai
6107060025,Talian Sahabung
6107060026,Batu Ketebung
6107060027,Muara Kota
6107060028,Mekar Sari
6107060029,Tanjung Baru
6107060030,Nusa Tujuh
6107060031,Nanga Ruhan
6107060032,Meroboi
6107060033,Panekasan
6107060034,Tamakung
6107060035,Limbur Bernaung Lestari
6107060036,Mensulung Bio
6107060037,Sabhang Landan
6107060038,Nanga Tangoi
6107070,Ambalau
6107070001,Buntut Sabon
6107070002,Nanga Menakon
6107070003,Nanga Kesange
6107070004,Nanga Kemangai
6107070005,Nanga Ambalau
6107070006,Nanga Sake
6107070007,Tanjung Andan
6107070008,Buntut Pimpin
6107070009,Kepala Jungai
6107070010,Nanga Keremue
6107070011,Nanga Menantak
6107070012,Buntut Purun
6107070013,Nanga Sakai
6107070014,Nanga Mentomoi
6107070015,Sungai Tambun
6107070016,Riam Sabon
6107070017,Nanga Ukai
6107070018,Mensuang
6107070019,Dahtah Bungai
6107070020,Lunjan Tingang
6107070021,Bukit Tinggi
6107070022,Bukai Tukun
6107070023,Nusa Koring
6107070024,Purut Beribit
6107070025,Pulo Sabhang
6107070026,Patih Jepara
6107070027,Korong Daso
6107070028,Luting Mingan
6107070029,Kolangan Juoi
6107070030,Nanga Rade
6107070031,Jengkarang
6107070032,Deme
6107070033,Nanga Pahangan
6107080,Kayan Hulu
6107080001,Nanga Payak
6107080002,Tanjung Bunga
6107080003,Nanga Tebidah
6107080004,Entogong
6107080005,Nanga Tonggoi
6107080006,Tanjung Lalau
6107080007,Lintang Tambuk
6107080008,Nanga Masau
6107080009,Nanga Abai
6107080010,Nanga Ungai
6107080011,Nanga Toran
6107080012,Riam Panjang
6107080013,Nanga Laar
6107080014,Riam Muntik
6107080015,Merahau Permai
6107080016,Emponyang
6107080017,Landau Bara
6107080018,Topan Nanga
6107080019,Mapan Jaya
6107080020,Tonak Goneh
6107080021,Empakan
6107080022,Tanah Merah
6107080023,Merah Arai
6107080024,Tapang Manua
6107080025,Nangkak Lestari
6107080026,Nanga Oran
6107080027,Buluh Merindu
6107080028,Kerapuk Jaya
6107080029,Tanjung Miru
6107080030,Nanga Tampang
6107080031,Kebarau
6107110,Sepauk
6107110001,Nanga Pari
6107110002,Bernayau
6107110003,Sinar Pekayau
6107110004,Sekubang
6107110005,Nanga Libau
6107110006,Sekujam Timbai
6107110007,Semuntai
6107110008,Sirang Setambang
6107110009,Mait Hilir
6107110010,Lengkenat
6107110011,Manis Raya
6107110012,Kenyauk
6107110013,Nanga Sepauk
6107110014,Tanjung Ria
6107110015,Temiang Kapuas
6107110016,Ensabang
6107110017,Buluh Kuning
6107110018,Temawang Muntai
6107110019,Tawang Sari
6107110020,Gernis Jaya
6107110021,Paoh Benua
6107110022,Bedayan
6107110023,Tanjung Hulu
6107110024,Sungai Raya
6107110025,Landau Panjang
6107110026,Bangun
6107110027,Sukau Bersatu
6107110028,Kemantan
6107110029,Peninsung
6107110030,Sepulut
6107110031,Temawang Bulai
6107110032,Sungai Segak
6107110033,Tanjung Balai
6107110034,Sinar Harapan
6107110035,Riam Kempadik
6107110036,Nanga Layung
6107110037,Limau Bakti
6107110038,Tanjung Mawang
6107110039,Bungkong Baru
6107110040,Sungai Jaung
6107120,Tempunak
6107120001,Benua Kencana
6107120002,Merti Jaya
6107120003,Gurung Mali
6107120004,Kuala Tiga
6107120005,Pulau Jaya
6107120006,Pangkal Baru
6107120007,Tinum Baru
6107120008,Benua Baru
6107120009,Kenyabur Baru
6107120010,Pagal Baru
6107120011,Repak Sari
6107120012,Mengkurat Baru
6107120013,Paribang Baru
6107120014,Suka Jaya
6107120015,Balai Harapan
6107120016,Nanga Tempunak
6107120017,Tanjung Perada
6107120018,Mensiap Baru
6107120019,Riam Batu
6107120020,Sungai Buluh
6107120021,Jaya Mentari
6107120022,Kupan Jaya
6107120023,Pudau Bersatu
6107120024,Tempunak Kapuas
6107120025,Pekulai Bersatu
6107120026,Mensiap Jaya
6107130,Sungai Tebelian
6107130001,Penjernang
6107130002,Sarai
6107130003,Melayang Sari
6107130004,Lebak Ubah
6107130005,Rarai
6107130006,Bonet Lama
6107130007,Bonet Engkabang
6107130008,Baya Betong
6107130009,Nobal
6107130010,Solam Raya
6107130011,Merarai Dua
6107130012,Perembang
6107130013,Bancoh
6107130014,Gurung Kempadik
6107130015,Kajang Baru
6107130016,Merarai Satu
6107130017,Manter
6107130018,Ransi Dakan
6107130019,Sungai Ukoi
6107130020,Penjernang Hulu
6107130021,Riam Kijang
6107130022,Baya Mulya
6107130023,Laman Raya
6107130024,Sabang Surai
6107130025,Balai Agung
6107130026,Kunyai
6107140,Sintang
6107140001,Tertung
6107140002,Mungguk Bantok
6107140003,Tanjung Puri
6107140004,Baning Kota
6107140005,Ladang
6107140006,Kapuas Kanan Hulu
6107140007,Kapuas Kanan Hilir
6107140008,Kapuas Kiri Hilir
6107140009,Kapuas Kiri Hulu
6107140010,Teluk Kelansam
6107140011,Sungai Ana
6107140012,Marti Guna
6107140013,Tanjung Kelansam
6107140014,Anggah Jaya
6107140015,Lalang Baru
6107140016,Tebing Raya
6107140017,Mail Jempong
6107140018,Jerora Satu
6107140019,Kebiau Baru
6107140020,Akcaya
6107140021,Alai
6107140022,Ulak Jaya
6107140023,Menyumbung Tengah
6107140024,Batu Lalau
6107140025,Mekar Jaya
6107140026,Sengkuang
6107140027,Rawa Mambok
6107140028,Mengkurai
6107140029,Kedabang
6107150,Dedai
6107150001,Lundang Baru
6107150002,Gandis
6107150003,Sungai Mali
6107150004,Nanga Dedai
6107150005,Penyak Lalang
6107150006,Pengkadan Sungai Rupa
6107150007,Kumpang
6107150008,Baras
6107150009,Riguk
6107150010,Pengkadan Baru
6107150011,Nanga Jetak
6107150012,Taok
6107150013,Empaci
6107150014,Mangat Baru
6107150015,Emparu
6107150016,Menaung Baru
6107150017,Umin Jaya
6107150018,Merempit Baru
6107150019,Dedai Kanan
6107150020,Sungai Tapang
6107150021,Gandis Hulu
6107150022,Hulu Dedai
6107150023,Apin Baru
6107150024,Jangkang
6107150025,Belinyuk Sibau
6107150026,Mengkirai Jaya
6107150027,Terusan
6107150028,Tanjung
6107150029,Batu Landung
6107150030,Samak
6107150031,Manyam
6107160,Kayan Hilir
6107160001,Natai Tebedak
6107160002,Jambu
6107160003,Nanga Mau
6107160004,Mentunai
6107160005,Tuguk
6107160006,Nyangkom
6107160007,Nanga Tikan
6107160008,Kerapa Sepan
6107160009,Pelaik
6107160010,Tertung Mau
6107160011,P A K A K
6107160012,Melingkat
6107160013,Sungai Buaya
6107160014,Sungai Sintang
6107160015,Sungai Garong
6107160016,Paoh Desa
6107160017,Jaya Sakti
6107160018,Mekar Mandiri
6107160019,Landau Beringin
6107160020,Karya Baru
6107160021,Bukit Segaloh
6107160022,Engkerangan
6107160023,Lalang Inggar
6107160024,Linggam Permai
6107160025,Sungai Menuang
6107160026,Natai Lesung
6107160027,Begendang Mal
6107160028,Sungai Ranap
6107160029,Nanga Lengkong Bindu
6107160030,Nanga Lidau
6107160031,Mengkirai
6107160032,Tanjung Keliling
6107160033,Buluk Jegara
6107160034,Buluk Panjang
6107160035,Tanjung Putar
6107160036,Sungai Emang
6107160037,Sungai Meraya
6107160038,Kempas Raya
6107160039,Ipoh Emang
6107160040,Sungai Pengga
6107160041,Batu Netak
6107160042,Neran Baya
6107160043,Monbai Begununk
6107170,Kelam Permai
6107170001,Kebong
6107170002,Merpak
6107170003,Nanga Lebang
6107170004,Sungai Maram
6107170005,Ensaid Panjang
6107170006,Baning Panjang
6107170007,Pelimping
6107170008,Sepan Lebang
6107170009,Sungai Pukat
6107170010,Bengkuang
6107170011,Gemba Raya
6107170012,Karya Jaya Bhakti
6107170013,Mandiri Jaya
6107170014,Landau Kodam
6107170015,Sungai Labi
6107170016,Sungai Lais
6107170017,Kelam Sejahtera
6107180,Binjai Hulu
6107180001,Telaga Satu
6107180002,Telaga Dua
6107180003,Binjai Hilir
6107180004,Dak Jaya
6107180005,Ampar Bedang
6107180006,Mensiku
6107180007,Binjai Hulu
6107180008,Sungai Risap
6107180009,Empaka Kabiau Raya
6107180010,Sungai Risap Mensiku Bersatu
6107180011,Simba Jaya
6107190,Ketungau Hilir
6107190001,Semuntai
6107190002,Nanga Sejirak
6107190003,Setungkup
6107190004,Nanga Ketungau
6107190005,Kenuak
6107190006,Sungai Deras
6107190007,Nanga Merkak
6107190008,Sungai Mali
6107190009,Air Nyuruk
6107190010,Semajau Mekar
6107190011,Baung Sengatap
6107190012,Tanjung Baung
6107190013,Senibung
6107190014,Beluh Mulyo
6107190015,Batu Ampar
6107190016,Bukit Sidin Permai
6107190017,Betung Permai
6107190018,Jentawang Hilir
6107190019,Batu Nyadi
6107190020,Ratu Damai
6107190021,Lepung Pantak
6107190022,Pampang Dua
6107190023,Mungguk Kepala
6107190024,Maung
6107200,Ketungau Tengah
6107200001,Bagelang Jaya
6107200002,Sumber Sari
6107200003,Panggi Agung
6107200004,Kerta Sari
6107200005,Argomulyo
6107200006,Tirta Karya
6107200007,Panding Jaya
6107200008,Tanjung Sari
6107200009,Wirayuda
6107200010,Swadaya
6107200011,Margahayu
6107200012,Gut Jaya Bakti
6107200013,Wana Bakti
6107200014,Landau Buaya
6107200015,Kayu Dujung
6107200016,Senangan Kecil
6107200017,Sungai Areh
6107200018,Mungguk Gelombang
6107200019,Mungguk Lawang
6107200020,Nanga Kelapan
6107200021,Panggi Ruguk
6107200022,Bakti Senabung
6107200023,Engkitan
6107200024,Landau Temiang
6107200025,Padung Kumang
6107200026,Radin Jaya
6107200027,Senangan Jaya
6107200028,Kubu Berangan
6107200029,Semareh
6107210,Ketungau Hulu
6107210001,Sungai Seria
6107210002,Sepiluk
6107210003,Sebadak
6107210004,Empura
6107210005,Suak Medang
6107210006,Nanga Bayan
6107210007,Jasa
6107210008,Senaning
6107210009,Rasau
6107210010,Sungai Bugau
6107210011,Nanga Bugau
6107210012,Empunak Tapang Keladan
6107210013,Sebetung Paluk
6107210014,Muakan Petinggi
6107210015,Nanga Sebawang
6107210016,Sekaih
6107210017,Bekuan Luyang
6107210018,Sungai Pisau
6107210019,Mungguk Entawak
6107210020,Embalih
6107210021,Sebuluh
6107210022,Riam Sejawak
6107210023,Engkeruh
6107210024,Sungai Kelik
6107210025,Idai
6107210026,Sungai Mawang
6107210027,Ujung Kempas
6107210028,Neraci Jaya
6107210029,Sejawak
6108,Kapuas Hulu
6108010,Silat Hilir
6108010001,Bongkong
6108010002,Nanga Nuar
6108010003,Setunggul
6108010004,Sungai Sena
6108010005,Miau Merah
6108010006,Pangeran
6108010007,Baru
6108010008,Perigi
6108010009,Penai
6108010010,Seberu
6108010011,Sentabai
6108010012,Rumbih
6108010013,Bukit Penai
6108020,Silat Hulu
6108020001,Nanga Ngeri
6108020002,Landau Badai
6108020003,Nanga Lungu
6108020004,Nanga Luan
6108020005,Belimbing
6108020006,Nanga Dangkan
6108020007,Riam Tapang
6108020008,Dangkan Kota
6108020009,Lebak Najah
6108020010,Perejuk
6108020011,Landau Rantau
6108020012,Entebi
6108020013,Selangkai
6108020014,Selimu
6108030,Hulu Gurung
6108030001,Parang
6108030002,Lubuk Antuk
6108030003,Nanga Tepuai
6108030004,Landau Kumpang
6108030005,Nanga Yen
6108030006,Beringin
6108030007,Bugang
6108030008,Mentawit
6108030009,Tani Makmur
6108030010,Simpang Senara
6108030011,Kelakar
6108030012,Sejahtera Mandiri
6108030013,Mubung
6108030014,Tunas Muda
6108030015,Karya Mandiri
6108040,Bunut Hulu
6108040001,Nanga Dua
6108040002,Selaup
6108040003,Nanga Semangut
6108040004,Temuyuk
6108040005,Nanga Suruk
6108040006,Riam Piyang
6108040007,Nanga Payang
6108040008,Batu Tiga
6108040009,Semangut Utara
6108040010,Segitak
6108040011,Nanga Kelibang
6108040012,Sungai Besar
6108040013,Bakung Permai
6108040014,Beringin
6108040015,Pantas Bersatu
6108050,Mentebah
6108050001,Tanjung
6108050002,Kepala Gurung
6108050003,Suka Maju
6108050004,Tekalong
6108050005,Nanga Mentebah
6108050006,Tanjung Intan
6108050007,Tangai Jaya
6108050008,Menaren
6108060,Bika
6108060001,Nanga Manday
6108060004,Jelemuk
6108060005,Bika
6108060006,Teluk Sindur
6108060008,Penyeluang
6108060011,Jongkong Manday
6108060012,Melapi Manday
6108060013,Bika Hulu
6108070,Kalis
6108070001,Nanga Raun
6108070002,Bahenap
6108070003,Nanga Lebangan
6108070004,Nanga Sebintang
6108070005,Nanga Kalis
6108070006,Nanga Danau
6108070007,Nanga Tubuk
6108070008,Rantau Kalis
6108070009,Kensuray
6108070010,Kalis Raya
6108070011,Tekudak
6108070012,Semerantau
6108070013,Tapang Da'an
6108070014,Segiam
6108070015,Peniung
6108070016,Ribang Kadeng
6108070017,Rantau Bumbun
6108080,Putussibau Selatan
6108080001,Sungai Uluk
6108080002,Jaras
6108080003,Kedamin Hilir
6108080004,Kedamin Hulu
6108080005,Melapi
6108080006,Tanjung Jati
6108080007,Kedamin Darat
6108080008,Sayut
6108080009,Suka Maju
6108080010,Cempaka Baru
6108080011,Beringin Jaya
6108080012,Bungan Jaya
6108080013,Tanjung Lokang
6108080014,Urang Unsa
6108080015,Kereho
6108080016,Ingko' Tambe
6108090,Embaloh Hilir
6108090001,Nanga Embaloh
6108090002,Keliling Semulung
6108090006,Lawik
6108090007,Nanga Lauk
6108090008,Nanga Palin
6108090009,Kirin Nangka
6108090010,Pala Pintas
6108090011,Ujung Bayur
6108090012,Belatung
6108100,Bunut Hilir
6108100002,Nanga Tuan
6108100003,Bunut Hulu
6108100004,Bunut Hilir
6108100005,Teluk Aur
6108100006,Ujung Pandang
6108100007,Empangau
6108100008,Tembang
6108100009,Bunut Tengah
6108100010,Entibab
6108100011,Kapuas Raya
6108100012,Empangau Hilir
6108110,Boyan Tanjung
6108110001,Sri Wangi
6108110002,Nanga Sangan
6108110003,Riam Mengelai
6108110004,Boyan Tanjung
6108110005,Nanga Danau
6108110006,Nanga Boyan
6108110007,Nanga Betung
6108110008,Mujan
6108110009,Nanga Jemah
6108110010,Tubang Jaya
6108110011,Karya Maju
6108110012,Landau Mentail
6108110013,Delintas Karya
6108110014,Teluk Geruguk
6108110015,Nanga Ret
6108110016,Pemawan
6108120,Pengkadan
6108120001,Permata
6108120002,Marta Dana
6108120003,Riam Panjang
6108120004,Buak Limbang
6108120005,Mawan
6108120006,Kerangan Panjang
6108120007,Hulu Pengkadan
6108120008,Pinang Laka
6108120009,Sasan
6108120010,Pengkadan Hilir
6108120011,Sira Jaya
6108130,Jongkong
6108130001,Temenang
6108130002,Jongkong Kanan
6108130003,Jongkong Pasar
6108130004,Jongkong Kiri Hilir
6108130005,Jongkong Kiri Hulu
6108130006,Ujung Said
6108130007,Ujung Jambu
6108130008,Bontai
6108130009,Jongkong Kiri Tengah
6108130010,Jongkong Tanjung
6108130011,Kandung Suli
6108130012,Penepian Raya
6108130013,Karya Baru
6108130014,Nanga Serian
6108140,Selimbau
6108140001,Benuis
6108140002,Gerayau
6108140003,Engkerengas
6108140004,Piasak Hilir
6108140005,Nibung
6108140006,Dalam
6108140007,Gudang Hulu
6108140008,Gudang Hilir
6108140009,Titian Kuala
6108140010,Sekubah
6108140011,Piasak Hulu
6108140012,Sekulat
6108140013,Nanga Leboyan
6108140014,Vega
6108140015,Mawan
6108140016,Semalah
6108140017,Tempurau
6108150,Suhaid
6108150001,Jongkong Hulu
6108150002,Kerengas
6108150003,Mensusai
6108150004,Mantan
6108150005,Nanga Suhaid
6108150006,Madang Permai
6108150007,Tanjung
6108150008,Laut Tawang
6108150010,Menapar
6108150011,Lubuk Pengail
6108150012,Tanjung Harapan
6108160,Seberuang
6108160001,Ranyai
6108160002,Sejiram
6108160003,Beluis Harum
6108160004,Gurung
6108160005,Bati
6108160006,Seneban
6108160007,Belikai
6108160008,Pala Kota
6108160009,Emperiang
6108160010,Nanga Lot
6108160011,Tanjung Keliling
6108160012,Tajum Mada
6108160013,Jerenjang
6108160014,Bekuan
6108160015,Nanga Pala
6108170,Semitau
6108170001,Nanga Seberuang
6108170002,Kenerak
6108170003,Semitau Hulu
6108170004,Kenepai Komplek
6108170005,Entipan
6108170006,Semitau Hilir
6108170007,Nanga Kenepai
6108170008,Tua
6108170009,Nanga Lemedak
6108170010,Marsedan Raya
6108170011,Padung Kumang
6108170012,Sekedau
6108180,Empanang
6108180001,Keling Panggau
6108180002,Bajau Andai
6108180003,Tintin Peninjau
6108180004,Nanga Kantuk
6108180005,Kumang Jaya
6108180006,Laja Sandang
6108190,Puring Kencana
6108190002,Sungai Antu
6108190003,Merakai Panjang
6108190004,Kantuk Asam
6108190005,Kantuk Bunut
6108190006,Sungai Mawang
6108190007,Langau
6108200,Badau
6108200001,Pulau Majang
6108200002,Kekurak
6108200003,Semuntik
6108200004,Janting
6108200005,Seriang
6108200006,Badau
6108200007,Sebindang
6108200008,Tinting Seligi
6108200009,Tajum
6108210,Batang Lupar
6108210001,Setulang
6108210002,Sepandan
6108210003,Melemba
6108210004,Sungai Ajung
6108210005,Sungai Abau
6108210006,Labian
6108210007,Mensiau
6108210008,Sungai Senunuk
6108210009,Lanjak Deras
6108210010,Labian Iraang
6108220,Embaloh Hulu
6108220001,Pulau Manak
6108220002,Benua Martinus
6108220003,Benua Ujung
6108220004,Saujung Giling Manik
6108220005,Ulak Pauk
6108220006,Rantau Prapat
6108220007,Langan Baru
6108220008,Menua Sadap
6108220009,Batu Lintang
6108220010,Tamao
6108230,Putussibau Utara
6108230001,Hilir Kantor
6108230002,Putussibau Kota
6108230003,Pala Pulau
6108230005,Sibau Hilir
6108230006,Padua Mendalam
6108230007,Datah Dian
6108230008,Sibau Hulu
6108230009,Nanga Sambus
6108230010,Ariung Mandalam
6108230011,Tanjung Karang
6108230012,Nanga Awin
6108230013,Tanjung Beruang
6108230014,Banua Tengah
6108230015,Nanga Nyabau
6108230016,Seluan
6108230017,Sungai Uluk Palin
6108230018,Tanjung Lasa
6108230019,Lauk
6108230020,Jangkang
6109,Sekadau
6109010,Nanga Mahap
6109010001,Landau Apin
6109010002,Teluk Kebau
6109010003,Lembah Beringin
6109010004,Karang Betung
6109010005,Sebabas
6109010006,Nanga Suri
6109010007,Nanga Mahap
6109010008,Batu Pahat
6109010009,Landau Kumpai
6109010010,Tembaga
6109010011,Cenayan
6109010012,Tembesuk
6109010013,Tamang
6109020,Nanga Taman
6109020001,Nanga Engkulun
6109020002,Nanga Koman
6109020003,Nanga Mongko
6109020004,Lubuk Tajau
6109020005,Pantok
6109020006,Meragun
6109020007,Rirang Jati
6109020008,Nanga Taman
6109020009,Senangak
6109020010,Sungai Lawak
6109020011,Nanga Kiungkang
6109020012,Tapang Tingang
6109020013,Nanga Mentukak
6109030,Sekadau Hulu
6109030001,Sekonau
6109030002,Cupang Gading
6109030003,Nanga Biaban
6109030004,Mondi
6109030005,Tapang Perodah
6109030006,Sungai Sambang
6109030007,Rawak Hilir
6109030008,Rawak Hulu
6109030009,Tinting Boyok
6109030010,Perongkan
6109030011,Nanga Manterap
6109030012,Boti
6109030013,Setawar
6109030014,Nanga Pemubuh
6109030015,Sunsong
6109040,Sekadau Hilir
6109040001,Peniti
6109040002,Sungai Ringin
6109040003,Mungguk
6109040004,Gonis Tekam
6109040005,Engkersik
6109040006,Tapang Semadak
6109040007,Seraras
6109040008,Merapi
6109040009,Tanjung
6109040010,Seberang Kapuas
6109040011,Sungai Kunyit
6109040012,Semabi
6109040013,Landau Kodah
6109040014,Timpuk
6109040015,Ensalang
6109040016,Selalong
6109040017,Bokak Sebumbun
6109050,Belitang Hilir
6109050001,Sungai Ayak I
6109050002,Sungai Ayak Dua
6109050003,Entabuk
6109050004,Tapang Pulau
6109050005,Merbang
6109050006,Kumpang Bis
6109050007,Menawai Tekam
6109050008,Semadu
6109050009,Empajak
6109060,Belitang
6109060001,Belitang Satu
6109060002,Belitang Dua
6109060003,Padak
6109060004,Setuntung
6109060005,Nanga Ansar
6109060006,Manua Prama
6109060007,Maboh Permai
6109070,Belitang Hulu
6109070001,Kumpang Ilong
6109070002,Ijok
6109070003,Balai Sepuak
6109070004,Tabuk Hulu
6109070005,Batuk Mulau
6109070006,Sei Tapah
6109070007,Seburuk Satu
6109070008,Sebetung
6109070009,Paket Mulau
6109070010,Mengaret
6109070011,Terduk Dampak
6109070012,Sei Antu Hulu
6109070013,Bukit Rambat
6110,Melawi
6110010,Sokan
6110010001,Nanga Ora
6110010002,Nanga Libas
6110010003,Gelata
6110010004,Nanga Betangai
6110010005,Keluing Taja
6110010006,Sijau
6110010007,Tanjung Sokan
6110010008,Nanga Sokan
6110010009,Penyengkuang
6110010010,Nanga Tangkit
6110010011,Landau Kabu
6110010012,Melana
6110010013,Tanjung Mahung
6110010014,Telaga Raya
6110010015,Teluk Pongkal
6110010016,Muara Tanjung
6110010017,Nanga Potai
6110010018,Sepakat
6110020,Tanah Pinoh
6110020003,Madong Raya
6110020004,Loka Jaya
6110020005,Batu Begigi
6110020006,Bina Karya
6110020007,Bina Jaya
6110020008,Suka Maju
6110020012,Bata Luar
6110020013,Keranjik
6110020014,Pelita Kenaya
6110020015,Maris Permai
6110020016,Tanjung Beringin Raya
6110020017,Tanjung Gunung
6110021,Tanah Pinoh Barat
6110021001,Togan Baru
6110021002,Ganjang
6110021003,Durian Jaya
6110021004,Pelita Jaya
6110021005,Bukit Raya
6110021006,Ulak Muid
6110021007,Lintah Taum
6110021008,Laja
6110021009,Harapan Jaya
6110021010,Keluas Hulu
6110030,Sayan
6110030001,Madya Raya
6110030002,Landau Sadak
6110030003,Pekawai
6110030004,Mekar Pelita
6110030005,Nanga Sayan
6110030006,Kerangan Purun
6110030007,Bora
6110030008,Nanga Kompi
6110030009,Nanga Mancur
6110030010,Tumbak Raya
6110030011,Nanga Raku
6110030012,Meta Bersatu
6110030013,Nanga Kasai
6110030014,Siling Permai
6110030015,Lingkar Indah
6110030016,Sayan Jaya
6110030017,Nanga Pak
6110030018,Berobai Permai
6110040,Belimbing
6110040001,Balai Agas
6110040003,Langan
6110040006,Nusa Kenyikap
6110040009,Upit
6110040010,Batu Ampar
6110040011,Pemuar
6110040012,Batu Buil
6110040014,Guhung
6110040015,Belonsat
6110040016,Batu Nanta
6110040017,Laman Bukit
6110040018,Nanga Pau
6110040019,Nanga Entebah
6110040020,Tekaban
6110040021,Labang
6110040022,Nanga Menunuk
6110040023,Sepan Tonak
6110041,Belimbing Hulu
6110041001,Nanga Raya
6110041002,Kayu Bunga
6110041003,Nanga Keberak
6110041004,Piawas
6110041005,Junjung Permai
6110041006,Nanga Tikan
6110041007,Tiong Keranjik
6110041008,Beloyang
6110050,Nanga Pinoh
6110050008,Nanga Kebebu
6110050010,Poring
6110050011,Tanjung Sari
6110050012,Tembawang Panjang
6110050013,Paal
6110050014,Tanjung Niaga
6110050015,Sido Mulyo
6110050016,B A R U
6110050021,Nanga Kayan
6110050023,Nusa Pandau
6110050024,Tebing Karangan
6110050025,Kelakik
6110050026,Semadin Lengkong
6110050027,Tanjung Lay
6110050028,Labai Mandiri
6110050029,Kenual
6110050030,Tanjung Tengang
6110051,Pinoh Selatan
6110051001,Nanga Pintas
6110051002,Mandau Baru
6110051003,Nanga Kelawai
6110051004,Senempak
6110051005,Landau Garong
6110051006,Sungai Bakah
6110051007,Nyanggai
6110051008,Bayur Raya
6110051009,Bina Jaya
6110051010,Pelinggang
6110051011,Manggala
6110051012,Landau Tubun
6110052,Pinoh Utara
6110052001,Sungai Pinang
6110052002,Engkurai
6110052003,Merpak
6110052004,Nanga Man
6110052005,Merah Arai
6110052006,Tanjung Arak
6110052007,Tanjung Paoh
6110052008,Tekelak
6110052009,Melawi Kiri Hilir
6110052010,Kompas Raya
6110052011,Manding
6110052012,Natai Panjang
6110052013,Sungai Raya
6110052014,Nanga Belimbing
6110052015,Suka Damai
6110052016,Tengkajau
6110052017,Senibung
6110052018,Melamut Bersatu
6110052019,Kayan Semapau
6110060,Ella Hilir
6110060001,Penyuguk
6110060002,Kerangan Kora
6110060003,Nanga Kempangai
6110060004,Nanga Nyuruh
6110060005,Nanga Kalan
6110060006,Nanga Ella Hilir
6110060007,Nanga Nuak
6110060008,Lengkong Nyadom
6110060009,Jabai
6110060010,Sungai Labuk
6110060011,Perembang Nyuruh
6110060012,Kahiya
6110060013,Bemban Permai
6110060014,Pelempai Jaya
6110060015,Popai
6110060016,Domet Permai
6110060017,Nyanggau
6110060018,Sungai Mentoba
6110060019,Natai Compa
6110070,Menukung
6110070001,Nanga Siyai
6110070002,Laman Mumbung
6110070003,Mawang Mentatai
6110070004,Melona
6110070005,Menukung Kota
6110070006,Nanga Ella Hulu
6110070007,Tanjung Beringin
6110070008,Landau Leban
6110070009,Sungai Sampuk
6110070010,Belaban Ella
6110070011,Sungai Sampak
6110070012,Nusa Poring
6110070013,Batu Onap
6110070014,Batu Badak
6110070015,Lihai
6110070016,Nanga Keruab
6110070017,Pelaik Keruab
6110070018,Oyah
6110070019,Batas Nangka
6111,Kayong Utara
6111010,Pulau Maya
6111010002,Dusun Besar
6111010003,Tanjung Satai
6111010004,Dusun Kecil
6111010005,Kemboja
6111010006,Satai Lestari
6111011,Kepulauan Karimata
6111011001,Betok Jaya
6111011002,Padang
6111011003,Pelapis
6111020,Sukadana
6111020001,Simpang Tiga
6111020002,Sejahtera
6111020003,Pangkalan Buton
6111020004,Sutra
6111020005,Benawai Agung
6111020006,Harapan Mulia
6111020007,Sedahan Jaya
6111020008,Gunung Sembilan
6111020009,Pampang Harapan
6111020010,Riam Berasapjaya
6111030,Simpang Hilir
6111030001,Padu Banjar
6111030002,Pulau Kumbang
6111030003,Pemangkat
6111030004,Nipah Kuning
6111030005,Rantau Panjang
6111030006,Penjalaan
6111030007,Teluk Melanau
6111030008,Sungai Mata-mata
6111030009,Batu Barat
6111030010,Matan Jaya
6111030011,Lubuk Batu
6111030012,Medan Jaya
6111040,Teluk Batang
6111040001,Sungai Paduan
6111040002,Alur Bandung
6111040003,Teluk Batang
6111040004,Mas Bangun
6111040005,Banyu Abang
6111040006,Teluk Batang Utara
6111040007,Teluk Batang Selatan
6111050,Seponti
6111050001,Podo Rukun
6111050002,Wonorejo
6111050003,Seponti Jaya
6111050004,Telaga Arum
6111050005,Sungai Sepeti
6111050006,Durian Sebatang
6112,Kubu Raya
6112010,Batu Ampar
6112010001,Tanjung Harapan
6112010002,Ambarawa
6112010003,Sungai Jawi
6112010004,Sungai Besar
6112010005,Tasik Malaya
6112010006,Padang Tikar I
6112010007,Padang Tikar Ii
6112010008,Nipah Panjang
6112010009,Teluk Nibung
6112010010,Batu Ampar
6112010011,Upt Sei Kerawang
6112010012,Sumber Agung
6112010013,Muara Tiga
6112010014,Tanjung Beringin
6112010015,Medan Mas
6112020,Terentang
6112020001,Sungai Dungun
6112020002,Terentang Hulu
6112020003,Teluk Bayur
6112020004,Teluk Empening
6112020005,Terentang Hilir
6112020006,Sungai Radak I
6112020007,Sungai Radak Ii
6112020008,Permata
6112020009,Betuah
6112020010,Radak Baru
6112030,Kubu
6112030001,Dabung
6112030002,Kubu
6112030003,Sungai Terus
6112030004,Teluk Nangka
6112030005,Jangkang I
6112030006,Jangkang Ii
6112030007,Pinang Dalam
6112030008,Kampung Baru
6112030009,Olak Olak Kubu
6112030010,Pelita Jaya
6112030011,Seruat Iii
6112030012,Seruat Ii
6112030013,Sungai Selamat
6112030014,Ambawang
6112030015,Air Putih
6112030016,Pinang Luar
6112030017,Sei Bemban
6112030018,Sepakat Baru
6112030019,Mengkalang
6112030020,Mengkalang Jambu
6112030021,Desa Persiapan Bemban Timur
6112040,Telok Pa'kedai
6112040001,Sei Nibung
6112040002,Seruat I
6112040003,Kuala Karang
6112040004,Tanjung Bunga
6112040005,Teluk Gelam
6112040006,Selat Remis
6112040007,Teluk Pakedai Hulu
6112040008,Teluk Pakedai Ii
6112040009,Teluk Pakedai I
6112040010,Pasir Putih
6112040011,Madura
6112040012,Sei Deras
6112040013,Arus Deras
6112040014,Sungai Nipah
6112050,Sungai Kakap
6112050001,Sepuk Laut
6112050002,Punggur Besar
6112050003,Punggur Kecil
6112050004,Kalimas
6112050005,Tanjung Saleh
6112050006,Sungai Belidak
6112050007,Sungai Kakap
6112050008,Sungai Itik
6112050009,Pal.ix
6112050010,Sungai Rengas
6112050011,Jeruju Besar
6112050012,Sungai Kupah
6112050013,Punggur Kapuas
6112050014,Desa Persiapan Parit Keladi
6112050015,Desa Persiapan Rengas Kapuas
6112060,Rasau Jaya
6112060001,Rasau Jaya Umum
6112060002,Bintang  Mas
6112060003,Rasau Jaya Iii
6112060004,Rasau Jaya I
6112060005,Rasau Jaya Ii
6112060006,Pematang Tujuh
6112070,Sungai Raya
6112070001,Sungai Raya
6112070002,Kapur
6112070003,Arang Limbung
6112070004,Kuala Dua
6112070005,Sungai Ambangah
6112070006,Tebang Kacang
6112070007,Sungai Bulan
6112070008,Sungai Asam
6112070009,Pulau Limbung
6112070010,Gunung Tamang
6112070011,Limbung
6112070012,Teluk Kapuas
6112070013,Madu Sari
6112070014,Mekar Sari
6112070015,Mekar Baru
6112070016,Sungai Raya Dalam
6112070017,Parit Baru
6112070018,Pulau Jambu
6112070019,Kali Bandung
6112070020,Muara Baru
6112070021,Desa Persiapan Permata Jaya
6112070022,Desa Persiapan Suku Lanting
6112080,Sungai Ambawang
6112080001,Durian
6112080002,Simpang Kanan
6112080003,Puguk
6112080004,Bengkarek
6112080005,Pasak Piang
6112080006,Pasak
6112080007,Panca Roba
6112080008,Lingga
6112080009,Korek
6112080010,Jawa Tengah
6112080011,Ambawang Kuala
6112080012,Mega Timur
6112080013,Teluk Bakung
6112080014,Ampera Raya
6112080015,Sungai Malaya
6112080016,Desa Persiapan Simpang Raya
6112080017,Desa Persiapan Kuala Bakung
6112080018,Desa Persiapan Lintang Batang
6112090,Kuala Mandor-b
6112090001,Kuala Mandor A
6112090002,Kuala Mandor-b
6112090003,Sungai Enau
6112090004,Kubu Padi
6112090005,Retok
6112090006,Desa Persiapan Padi Jaya
6112090007,Desa Persiapan Sungai Enau A
6171,Pontianak
6171010,Pontianak Selatan
6171010002,Benua Melayu Laut
6171010003,Benua Melayu Darat
6171010004,Parit Tokaya
6171010005,Akcaya
6171010006,Kota Baru
6171011,Pontianak Tenggara
6171011001,Bangka Belitung Laut
6171011002,Bangka Belitung Darat
6171011003,Bansir Laut
6171011004,Bansir Darat
6171020,Pontianak Timur
6171020001,Parit Mayor
6171020002,Banjar Serasan
6171020003,Saigon
6171020004,Tanjung Hulu
6171020005,Tanjung Hilir
6171020006,Dalam Bugis
6171020007,Tambelan Sampit
6171030,Pontianak Barat
6171030001,Pal Lima
6171030006,Sungai Jawi Dalam
6171030007,Sungai Jawi Luar
6171030008,Sungai Beliung
6171031,Pontianak Kota
6171031001,Sungai Bangkong
6171031002,Darat Sekip
6171031003,Tengah
6171031004,Mariana
6171031005,Sungai Jawi
6171040,Pontianak Utara
6171040001,Batu Layang
6171040002,Siantan Hilir
6171040003,Siantan Tengah
6171040004,Siantan Hulu
6172,Singkawang
6172010,Singkawang Selatan
6172010001,Sedau
6172010002,Sijangkung
6172010003,Pangmilang
6172010004,Sagatani
6172020,Singkawang Timur
6172020001,Pajintan
6172020002,Sanggau Kulor
6172020003,Bagak Sahwa
6172020004,Nyarungkop
6172020005,Mayasopa
6172030,Singkawang Utara
6172030001,Sei Garam Hilir
6172030002,Naram
6172030003,Sei Bulan
6172030004,Sei Rasau
6172030005,Setapuk Kecil
6172030006,Setapuk Besar
6172030007,Semelagi Kecil
6172040,Singkawang Barat
6172040001,Pasiran
6172040002,Melayu
6172040003,Tengah
6172040004,Kuala
6172050,Singkawang Tengah
6172050001,Roban
6172050002,Condong
6172050003,Sekip Lama
6172050004,Jawa
6172050005,Bukit Batu
6172050006,Sei Wie
